CID,IC50,class,PUBCHEM_XLOGP3_AA,PUBCHEM_EXACT_MASS,PUBCHEM_MOLECULAR_WEIGHT,PUBCHEM_CACTVS_TPSA,PUBCHEM_MONOISOTOPIC_WEIGHT,PUBCHEM_TOTAL_CHARGE,PUBCHEM_HEAVY_ATOM_COUNT,PUBCHEM_ATOM_DEF_STEREO_COUNT,PUBCHEM_ATOM_UDEF_STEREO_COUNT,PUBCHEM_BOND_DEF_STEREO_COUNT,PUBCHEM_BOND_UDEF_STEREO_COUNT,PUBCHEM_ISOTOPIC_ATOM_COUNT,PUBCHEM_COMPONENT_COUNT,PUBCHEM_CACTVS_TAUTO_COUNT,PUBCHEM_COORDINATE_TYPE,AM1_dipole,AM1_E,AM1_Eele,AM1_HF,AM1_HOMO,AM1_IP,AM1_LUMO,apol
11574718,26000,0,3.0999999,393.16885,393.43573,81.699997,393.16885,NEGATIVE,29,0,0,0,0,0,1,3,1 5 255,6.6581354,-116087.53,-873110.63,-53.179062,-8.3412199,8.3412199,-0.35365999,Hphob
11588394,18000,0,2,353.13754,353.37186,81.199997,353.13754,NEGATIVE,26,0,0,0,0,0,1,11,1 5 255,6.6539345,-105920.16,-756295.5,10.55248,-8.08008,8.08008,-1.30892,Hphob
11595532,4000,0,2.9000001,353.13754,353.37186,85.699997,353.13754,NEGATIVE,26,0,0,0,0,0,1,6,1 5 255,2.1243818,-105945.3,-746576.88,-41.624611,-8.5216103,8.5216103,-0.82595003,Hphob
11603925,14000,0,3.5,409.16376,409.43512,91.800003,409.16376,NEGATIVE,30,0,0,0,0,0,1,2,1 5 255,3.3731277,-123471.46,-920087.25,-88.225159,-8.5907202,8.5907202,-0.74693,Hphob
11624721,9800,0,3,,362.38193,89.300003,362.13788,NEGATIVE,27,0,0,0,0,0,1,2,1 5 255,3.5202413,-105944.63,-758839,32.753059,-8.6625795,8.6625795,-0.94624001,Hphob
11682654,3500,0,2.4000001,,394.42377,94.599998,394.16409,NEGATIVE,29,0,0,0,0,0,1,6,1 5 255,6.1265469,-117577.95,-878443.13,-34.944031,-8.3673801,8.3673801,-0.58574998,Hphob
11696578,1100,0,2.0999999,,380.39719,109,380.14847,NEGATIVE,28,0,0,0,0,0,1,4,1 5 255,2.7503471,-113990.98,-840224.88,-34.764488,-8.5915699,8.5915699,-1.09219,Hphob
11710340,3000,0,2.7,,365.38257,82.599998,,NEGATIVE,27,0,0,0,0,0,1,2,1 5 255,2.1039367,-108889.58,-798212.06,-28.92919,-8.5784702,8.5784702,-1.2156399,Hphob
11710382,26000,0,2.3,,,85.699997,367.1532,NEGATIVE,27,0,0,0,0,0,1,2,1 5 255,4.9799428,-109538.71,-784182.38,-48.240749,-8.3194799,8.3194799,-0.61319,Hphob
21037364,140,0,5.0999999,429.21646,429.51419,81.099998,429.21646,NEGATIVE,32,0,0,0,0,0,1,4,1 5 255,6.0771565,-120958.4,-960298.75,81.57386,-8.5172901,8.5172901,-0.46410999,Hphob
22040410,1300,0,4.0999999,437.04874,438.27734,91.900002,437.04874,NEGATIVE,28,0,0,0,0,0,1,6,1 5 255,4.1476779,-110842.71,-764602.63,87.819344,-8.6871204,8.6871204,-0.57629001,Hphob
22040802,130,0,3.4000001,373.15387,373.40787,81.099998,373.15387,NEGATIVE,28,0,0,0,0,0,1,4,1 5 255,6.1993394,-106592.96,-770497.81,87.957581,-8.5824404,8.5824404,-0.44442999,Hphob
22040805,2400,0,4.0999999,437.04874,438.27734,91.900002,437.04874,NEGATIVE,28,0,0,0,0,0,1,6,1 5 255,2.7290745,-110840.08,-761764.69,116.96881,-8.57936,8.57936,-0.59921998,Hphob
22040857,9000,0,4.3000002,427.12561,427.37924,91.900002,427.12561,NEGATIVE,31,0,0,0,0,0,1,6,1 5 255,3.0625832,-139229.31,-946294.13,-70.747337,-8.7349596,8.7349596,-0.69673002,Hphob
22040925,140,0,4.1999998,393.21646,393.48209,81.099998,393.21646,NEGATIVE,29,0,0,0,0,0,1,4,1 5 255,3.5949931,-112133.69,-882928.69,23.481741,-8.6778202,8.6778202,-0.36230999,Hphob
22040937,1900,0,4.3000002,441.14127,441.40582,81.099998,441.14127,NEGATIVE,32,0,0,0,0,0,1,4,1 5 255,5.1016288,-142811.2,-1010118.8,-65.698029,-8.7837896,8.7837896,-0.66338003,Hphob
22041111,7700,0,3.4000001,359.13821,359.38129,91.900002,359.13821,NEGATIVE,27,0,0,0,0,0,1,6,1 5 255,4.1965761,-103012.21,-717735.56,81.926628,-8.6704597,8.6704597,-0.51295,Hphob
22041112,4400,0,3.5999999,379.20084,379.45551,81.099998,379.20084,NEGATIVE,28,0,0,0,0,0,1,4,1 5 255,3.6737418,-108541.3,-836294.13,29.0651,-8.5212297,8.5212297,-0.37999001,Hphob
24784075,0.029999999,1,3.0999999,467.14273,467.51587,125,467.14273,NEGATIVE,33,0,0,0,0,0,1,9,1 5 255,5.8221045,-136538.98,-1029360.4,-21.742189,-9.0932598,9.0932598,-1.10612,Hphob
24878669,1400,0,3.4000001,422.15903,422.43387,107,422.15903,NEGATIVE,31,0,0,1,0,0,1,6,1 5 255,1.9930491,-127871.52,-972799.63,-22.55229,-8.72721,8.72721,-0.48898,Hphob
24878670,92000,0,3.8,436.17468,436.46045,107,436.17468,NEGATIVE,32,0,0,1,0,0,1,6,1 5 255,2.1807861,-131468.78,-1026497,-33.016529,-8.4685698,8.4685698,-0.56298,Hphob
24878671,650,0,4,437.1488,437.45007,102,437.1488,NEGATIVE,33,0,0,0,0,0,1,6,1 5 255,4.7644553,-125770.8,-969317.63,87.001694,-8.3811598,8.3811598,-0.79000998,Hphob
24878672,2500,0,3.4000001,426.13281,,102,426.13281,NEGATIVE,32,0,0,0,0,0,1,6,1 5 255,6.5838284,-125149.45,-947483.5,4.82763,-8.4057798,8.4057798,-0.93826997,Hphob
24879140,2900,0,2.2,338.13788,,78.400002,338.13788,NEGATIVE,25,0,0,0,0,0,1,2,1 5 255,2.5858226,-100052.16,-698554.94,11.27803,-8.6255903,8.6255903,-0.76157999,Hphob
24879141,1200,0,3.8,471.19064,471.50781,107,471.19064,NEGATIVE,35,0,0,0,0,0,1,25,1 5 255,5.6200094,-138045.92,-1085042.4,7.39428,-8.4725399,8.4725399,-0.67277998,Hphob
24879142,16000,0,3.4000001,352.15353,352.38708,77.5,352.15353,NEGATIVE,26,0,0,0,0,0,1,9,1 5 255,1.8786469,-103639.27,-748365.56,10.95788,-8.4335003,8.4335003,-0.33842999,Hphob
24879143,14000,0,2.5999999,409.17502,409.43842,107,409.17502,NEGATIVE,30,0,0,0,0,0,1,27,1 5 255,2.9648712,-122660.58,-917269.25,-21.887091,-8.2374802,8.2374802,-0.23399,Hphob
24879204,12000,0,3.5,370.1441,370.37756,77.5,370.1441,NEGATIVE,27,0,0,0,0,0,1,9,1 5 255,1.8310592,-114509.43,-802422,-33.307941,-8.4288597,8.4288597,-0.44931999,Hphob
24879205,1200,0,4.6999998,403.1532,403.43054,74.699997,,NEGATIVE,30,0,0,0,0,0,1,2,1 5 255,4.0354409,-118365.02,-925053.56,-3.6133599,-8.6036901,8.6036901,-0.52765,Hphob
24879206,45000,0,2.4000001,354.13281,354.35992,87.599998,,NEGATIVE,26,0,0,0,0,0,1,2,1 5 255,4.354948,-107421.31,-749790.06,-8.8721304,-8.7489996,8.7489996,-0.71827,Hphob
24879207,18000,0,4.8000002,407.18451,407.46231,74.699997,,NEGATIVE,30,0,0,0,0,0,1,2,1 5 255,2.7196209,-119665.18,-947732.25,-44.152771,-8.5966301,8.5966301,-0.48638999,Hphob
24879208,10000,0,3.7,404.14847,404.41861,87.599998,404.14847,NEGATIVE,30,0,0,0,0,0,1,2,1 5 255,1.1707857,-119861.55,-908199.63,8.5939598,-8.6033802,8.6033802,-0.68756002,Hphob
24879209,3800,0,3.5999999,404.14847,404.41861,87.599998,404.14847,NEGATIVE,30,0,0,0,0,0,1,2,1 5 255,2.5939465,-119863.39,-909030.56,6.757,-8.65592,8.65592,-0.78422999,Hphob
24879260,76000,0,3.5,421.16376,421.44583,91.800003,421.16376,ZERO,31,0,0,0,0,0,1,4,1 5 255,3.6343858,-126408.23,-973072.63,-68.029213,-8.6319904,8.6319904,-0.63646001,Hphob
24879261,70000,0,3.2,407.14813,407.41925,,407.14813,ZERO,30,0,0,0,0,0,1,4,1 5 255,3.5634384,-122810.91,-921886.06,-57.48835,-8.6332397,8.6332397,-0.64819002,Hphob
24879262,45000,0,3.5,371.12814,371.36234,74.699997,371.12814,ZERO,27,0,0,0,0,0,1,2,1 5 255,2.14884,-116795.63,-839969.31,-47.501789,-8.5845203,8.5845203,-0.57467002,Hphob
24879263,36000,0,4.0999999,387.09857,387.81693,74.699997,387.09857,ZERO,27,0,0,0,0,0,1,2,1 5 255,1.508231,-114230.43,-809806.63,-29.55312,-8.6038704,8.6038704,-0.60083002,Hphob
24879264,5500,0,2.5999999,410.15903,410.42319,104,410.15903,ZERO,30,0,0,0,0,0,1,6,1 5 255,5.9017258,-124952.2,-935565.19,-60.202049,-8.4947205,8.4947205,-0.39002001,Hphob
24879326,26000,0,3.4000001,410.15903,410.42319,107,410.15903,ZERO,30,0,0,1,0,0,1,6,1 5 255,2.3943217,-124913.71,-915473.19,-21.71249,-8.6761103,8.6761103,-0.44688001,Hphob
24879328,560,0,3.9000001,460.17468,460.48187,104,460.17468,ZERO,34,0,0,0,0,0,1,6,1 5 255,3.6314397,-137382.97,-1105439.8,-33.257839,-8.2891703,8.2891703,-0.65771002,Hphob
24879330,22000,0,2.2,338.13788,338.36053,78.400002,338.13788,ZERO,25,0,0,0,0,0,1,2,1 5 255,3.5359876,-100049.68,-716595.75,13.75724,-8.6003799,8.6003799,-0.77429003,Hphob
24879331,16000,0,2.5999999,409.17502,409.43842,107,409.17502,ZERO,30,0,0,0,0,0,1,27,1 5 255,2.3984714,-122664.95,-907274.88,-26.406811,-8.2174101,8.2174101,-0.35945001,Hphob
24879390,4700,0,2.4000001,353.1488,353.37515,90.400002,353.1488,ZERO,26,0,0,0,0,0,1,13,1 5 255,2.9850516,-105138.52,-750347.88,20.47172,-8.5577497,8.5577497,-0.46676001,Hphob
24879391,4900,0,2.2,368.14847,368.38651,93.199997,368.14847,ZERO,27,0,0,0,0,0,1,25,1 5 255,4.8170819,-110991.7,-798606.56,13.25861,-7.5497899,7.5497899,-1.37216,Hphob
24879392,19000,0,3.5,370.1441,370.37756,77.5,370.1441,ZERO,27,0,0,0,0,0,1,9,1 5 255,2.845897,-114509.72,-834152.81,-33.598282,-8.4864502,8.4864502,-0.51892,Hphob
24879393,31000,0,3.4000001,353.13754,353.37186,74.699997,353.13754,ZERO,26,0,0,0,0,0,1,2,1 5 255,3.6953444,-105926.53,-753132.88,-22.851509,-8.5429802,8.5429802,-0.484,Hphob
24879394,16000,0,2.4000001,354.13281,354.35992,87.599998,354.13281,ZERO,26,0,0,0,0,0,1,2,1 5 255,3.0616524,-107424.56,-760601.06,-12.11843,-8.6637697,8.6637697,-0.57441002,Hphob
24879395,9800,0,5.1999998,419.13037,419.49615,90.800003,419.13037,ZERO,30,0,0,0,0,0,1,2,1 5 255,2.8304827,-115472.24,-893166.5,31.634911,-8.1817303,8.1817303,-0.67044997,Hphob
24879396,7400,0,3.5999999,392.14847,392.4079,90.5,392.14847,ZERO,29,0,0,0,0,0,1,2,1 5 255,3.5016146,-116902.09,-889813.88,11.07875,-8.5100803,8.5100803,-0.41,Hphob
24879462,44000,0,3.2,423.14304,423.41864,101,423.14304,ZERO,31,0,0,0,0,0,1,4,1 5 255,5.8702664,-130202.38,-997907,-99.963661,-8.6438103,8.6438103,-0.64247,Hphob
24879463,1500,0,3.7,404.14847,404.41861,87.599998,404.14847,ZERO,30,0,0,0,0,0,1,2,1 5 255,1.943175,-119861.64,-911616.56,8.5038404,-8.7539597,8.7539597,-0.75661999,Hphob
24879464,29000,0,3.7,404.14847,404.41861,87.599998,404.14847,ZERO,30,0,0,0,0,0,1,2,1 5 255,1.142941,-119863.03,-910465.63,7.1200199,-8.6240597,8.6240597,-0.71824998,Hphob
24879465,29000,0,3.5,421.16376,421.44583,91.800003,421.16376,ZERO,31,0,0,0,0,0,1,4,1 5 255,3.7820194,-126407.11,-974565.94,-66.898438,-8.6725502,8.6725502,-0.57722002,Hphob
24879466,18000,0,3.2,407.14813,407.41925,91.800003,407.14813,ZERO,30,0,0,0,0,0,1,4,1 5 255,3.0470374,-122810.59,-928154.06,-57.175598,-8.6876898,8.6876898,-0.61975998,Hphob
24879467,22000,0,3.2,407.14813,407.41925,91.800003,407.14813,ZERO,30,0,0,0,0,0,1,4,1 5 255,5.4310017,-122810.69,-938925.38,-57.19241,-8.5842695,8.5842695,-0.64640999,Hphob
24879527,10000,0,5.0999999,429.16885,429.46783,74.699997,429.16885,ZERO,32,0,0,0,0,0,1,2,1 5 255,4.0567708,-124897.41,-988494.63,9.1548595,-8.5711002,8.5711002,-0.50866002,Hphob
24879528,56000,0,3.5,371.12814,371.36234,74.699997,371.12814,ZERO,27,0,0,0,0,0,1,2,1 5 255,4.6128612,-116795.47,-815818.69,-65.898552,-8.6119699,8.6119699,-0.53808999,Hphob
24879529,13000,0,2.5999999,410.15903,410.42319,104,410.15903,ZERO,30,0,0,0,0,0,1,6,1 5 255,6.1554012,-124950.92,-933664.06,-58.927502,-8.7121601,8.7121601,-0.31657001,Hphob
24879530,19000,0,3.0999999,395.14813,395.40854,91.800003,395.14813,ZERO,29,0,0,0,0,0,1,4,1 5 255,1.0501623,-119856.15,-888464.19,-59.702572,-8.64149,8.64149,-0.65903997,Hphob
24879531,34000,0,3.0999999,395.14813,395.40854,91.800003,395.14813,ZERO,29,0,0,0,0,0,1,4,1 5 255,2.4758866,-119856.52,-921175.88,-60.078949,-8.6005602,8.6005602,-0.5848,Hphob
25093293,11000,0,3.4000001,410.15903,410.42319,107,410.15903,ZERO,30,0,0,1,0,0,1,6,1 5 255,3.0325537,-124911.4,-956099.81,-19.39842,-8.7744503,8.7744503,-0.49915999,Hphob
25093294,86000,0,3.4000001,422.15903,422.43387,107,422.15903,ZERO,31,0,0,1,0,0,1,6,1 5 255,4.4945569,-127873.02,-993474.94,5.1684799,-8.5110397,8.5110397,-0.48492,Hphob
42625164,15900,0,3.7,448.05499,448.7825,92.400002,448.05499,ZERO,31,0,0,0,0,0,1,10,1 5 255,4.327045,-146253.11,-973745.63,-130.66881,-8.93011,8.93011,-1.2447,Hphob
42625165,17200,0,3.0999999,414.09396,414.33743,92.400002,414.09396,ZERO,30,0,0,0,0,0,1,10,1 5 255,6.6442914,-137953.63,-893255.06,-128.35777,-8.8665705,8.8665705,-1.0123,Hphob
42625166,14000,0,2.9000001,424.01709,425.23553,92.400002,424.01709,ZERO,27,0,0,0,0,0,1,10,1 5 255,4.983521,-109564.5,-737314.94,39.68272,-8.8287897,8.8287897,-0.67227,Hphob
42625244,16700,0,2.0999999,360.12225,360.36603,92.400002,360.12225,ZERO,27,0,0,0,0,0,1,15,1 5 255,3.6166728,-105326.94,-745050.13,20.63389,-8.8343697,8.8343697,-0.38055,Hphob
42625325,850,0,1.9,382.07358,382.39316,118,382.07358,ZERO,27,0,0,0,0,0,1,5,1 5 255,4.9051957,-110645.26,-771951.31,-4.5939798,-8.93962,8.93962,-0.97060001,Hphob
42625329,12200,0,1.9,388.03,388.42087,146,388.03,ZERO,26,0,0,0,0,0,1,5,1 5 255,4.098031,-108590.38,-736858.81,20.784651,-8.9419603,8.9419603,-1.11786,Hphob
42625413,32500,0,2,400.06415,400.38364,118,400.06415,ZERO,28,0,0,0,0,0,1,5,1 5 255,3.7780585,-121513.4,-858194.88,-31.834,-9.0734396,9.0734396,-1.02104,Hphob
42626267,2840,0,2,379.10806,379.34457,104,379.10806,ZERO,28,0,0,0,0,0,1,15,1 5 255,4.545568,-117690.61,-791691.81,5.2212901,-8.9207296,8.9207296,-0.43496999,Hphob
42626268,600,0,1.8,464.16083,464.44904,117,464.16083,ZERO,34,0,0,0,0,0,1,15,1 5 255,2.5990772,-143885.31,-1089582.4,-40.942181,-8.8192797,8.8192797,-0.45950001,Hphob
42626269,860,0,2.5999999,514.15765,514.45654,117,514.15765,ZERO,37,0,0,0,0,0,1,15,1 5 255,5.5453815,-169228.97,-1309488.8,-136.73438,-8.9046803,8.9046803,-0.46814001,Hphob
42626338,163,0,3.8,431.19574,431.487,95.599998,431.19574,ZERO,32,0,0,0,0,0,1,9,1 5 255,6.0172114,-124767.16,-973555.94,23.482189,-8.7438898,8.7438898,-0.31406999,Hphob
44199408,0.093999997,1,2.2,394.09113,394.39575,112,394.09113,ZERO,27,0,0,0,0,0,1,4,1 5 255,7.1200924,-123338.37,-829548.38,-92.137253,-8.5969105,8.5969105,-1.1065,Hphob
44199425,0.017000001,1,1.7,395.08636,395.38382,125,395.08636,ZERO,27,0,0,0,0,0,1,6,1 5 255,1.944808,-124823,-840855.19,-68.077721,-8.9263496,8.9263496,-1.23282,Hphob
44223174,0.0022,1,2.9000001,519.98779,520.2923,112,519.98779,ZERO,28,0,0,0,0,0,1,4,1 5 255,3.5124633,-131034.01,-885685.13,-78.25209,-8.8280602,8.8280602,-1.17382,Hphob
44223206,0.0046,1,2,425.09692,425.40979,134,425.09692,ZERO,29,0,0,0,0,0,1,6,1 5 255,6.2985373,-135790.56,-932714.38,-99.860626,-8.7356701,8.7356701,-1.23092,Hphob
44223282,0.018999999,1,3,422.12241,422.44891,112,422.12241,ZERO,29,0,0,0,0,0,1,4,1 5 255,3.7041578,-130528.89,-927904.75,-109.16718,-8.5539904,8.5539904,-1.1506,Hphob
44223283,0.086999997,1,2.0999999,376.10052,376.40527,112,376.10052,ZERO,26,0,0,0,0,0,1,4,1 5 255,3.1365116,-112472.48,-769924.56,-52.204121,-8.5030804,8.5030804,-1.01594,Hphob
44223468,0.0075,1,2,425.09692,425.40979,134,425.09692,ZERO,29,0,0,0,0,0,1,6,1 5 255,3.9928725,-135792.56,-937847,-101.77291,-8.7924299,8.7924299,-1.26059,Hphob
44223469,0.0023,1,2.0999999,443.08752,443.40024,134,443.08752,ZERO,30,0,0,0,0,0,1,6,1 5 255,6.6156759,-146656.53,-997499.69,-139.91412,-8.8042498,8.8042498,-1.39604,Hphob
44223470,0.013,1,1.9,407.10635,407.41931,134,407.10635,ZERO,28,0,0,0,0,0,1,6,1 5 255,2.0795641,-124922.98,-882299.56,-56.661098,-8.7607403,8.7607403,-1.02737,Hphob
44223471,0.23999999,1,2.5,441.06738,441.86438,134,441.06738,ZERO,29,0,0,0,0,0,1,6,1 5 255,3.7424102,-133223.7,-944443.81,-61.678429,-8.6918898,8.6918898,-1.18678,Hphob
44223627,0.032000002,1,3.9000001,470.12241,470.4917,112,470.12241,ZERO,33,0,0,0,0,0,1,4,1 5 255,4.6921268,-142316.89,-1047964.2,-69.164627,-8.4200096,8.4200096,-1.19695,Hphob
44223650,0.0004,1,2.7,472.99689,474.27988,125,472.99689,ZERO,28,0,0,0,0,0,1,6,1 5 255,6.9196396,-132643.72,-889845.38,-52.346981,-8.76476,8.76476,-1.25497,Hphob
44223675,0.0011,1,4,488.11301,488.48218,112,488.11301,ZERO,34,0,0,0,0,0,1,4,1 5 255,3.9471364,-153186.88,-1108400.8,-95.585602,-8.5651102,8.5651102,-1.19426,Hphob
44223692,0.012,1,2.0999999,409.10202,409.4104,125,409.10202,ZERO,28,0,0,0,0,0,1,6,1 5 255,6.7613039,-128406.98,-879811.31,-65.269913,-8.5071297,8.5071297,-1.17889,Hphob
44223693,0.0027,1,2.3,435.11768,435.44766,125,435.11768,ZERO,30,0,0,0,0,0,1,6,1 5 255,7.2321773,-134922.2,-969434,-36.670071,-8.5782204,8.5782204,-1.2191,Hphob
44223890,0.0092,1,2.5,423.11768,423.43698,125,423.11768,ZERO,29,0,0,0,0,0,1,6,1 5 255,6.2725601,-132001.81,-931091.88,-73.28373,-8.6040802,8.6040802,-1.18782,Hphob
44223912,0.0034,1,2.9000001,472.00162,473.29181,112,472.00162,ZERO,28,0,0,0,0,0,1,4,1 5 255,2.1691928,-131174.31,-876482.88,-91.746307,-8.7085304,8.7085304,-1.16424,Hphob
44223914,0.20999999,1,2.0999999,376.10052,376.40527,112,376.10052,ZERO,26,0,0,0,0,0,1,4,1 5 255,4.1913967,-112473.09,-756591.06,-52.857792,-8.5300703,8.5300703,-1.00789,Hphob
44223915,0.088,1,2.5999999,392.07098,392.85989,112,392.07098,ZERO,26,0,0,0,0,0,1,4,1 5 255,2.0911052,-109906.55,-748176.56,-15.01227,-8.5415401,8.5415401,-1.04268,Hphob
44224372,0.0013,1,1.3,261.09766,261.24026,41.5,261.09766,ZERO,18,2,0,0,0,0,1,1,1 5 255,10.296315,-93171.438,-558923.19,-63.091461,-12.6951,12.6951,-4.11199,Hphob
44230849,0.0016,1,3.3,471.11768,471.47977,125,471.11768,ZERO,33,0,0,0,0,0,1,6,1 5 255,8.5972567,-143808.14,-1047809.1,-51.647091,-8.6037703,8.6037703,-1.15407,Hphob
44230852,0.039999999,1,2,409.10202,409.4104,125,409.10202,ZERO,28,0,0,0,0,0,1,6,1 5 255,6.8832364,-128428.42,-879643.56,-86.316101,-8.7250605,8.7250605,-1.2272201,Hphob
44230853,0.0032,1,2.2,472.11292,472.46783,138,472.11292,ZERO,33,0,0,0,0,0,1,9,1 5 255,11.947787,-145304.08,-1049875.8,-38.90337,-8.7702503,8.7702503,-1.31296,Hphob
44230987,0.167,1,1.8,478.15985,478.51547,137,478.15985,ZERO,33,0,1,0,0,0,1,6,1 5 255,38.948582,-147411.47,-1114721.4,58.113628,-10.97205,10.97205,-3.88344,Hphob
44230990,0.0044,1,3.4000001,489.10825,489.47021,125,489.10825,ZERO,34,0,0,0,0,0,1,6,1 5 255,6.6300607,-154677.83,-1121873,-95.597397,-8.6590004,8.6590004,-1.2182,Hphob
44231246,0.008,1,3.4000001,489.10825,489.47021,125,489.10825,ZERO,34,0,0,0,0,0,1,6,1 5 255,7.2775626,-154678.89,-1127716.6,-96.605858,-8.6338596,8.6338596,-1.2392499,Hphob
44231489,0.068999998,1,3.4000001,451.14896,451.49011,125,451.14896,ZERO,31,0,0,0,0,0,1,6,1 5 255,8.237237,-139200.17,-1033863.5,-98.100441,-8.6856203,8.6856203,-1.23173,Hphob
44231490,0.059999999,1,2.8,437.13333,437.46353,125,437.13333,ZERO,30,0,0,0,0,0,1,10,1 5 255,9.8955965,-135610.41,-971742.06,-95.10276,-8.6175604,8.6175604,-1.26782,Hphob
44231491,0.059,1,2.5,423.11768,423.43698,125,423.11768,ZERO,29,0,0,0,0,0,1,10,1 5 255,5.6707683,-132019.25,-933275,-90.74511,-8.6698799,8.6698799,-1.24795,Hphob
44231605,0.030999999,1,2.8,449.13333,449.47424,125,449.13333,ZERO,31,0,0,0,0,0,1,6,1 5 255,5.5932527,-138546.09,-1001316.3,-54.026711,-8.58393,8.58393,-1.23001,Hphob
46873324,638,0,4.1999998,731.35773,731.90729,163,731.35773,ZERO,52,0,0,0,0,0,1,20,1 5 255,87.998756,-209380.23,-2224727.8,361.54785,-11.0658,11.0658,-7.5763898,Hphob
46873428,213,0,4,647.289,647.78754,165,647.289,ZERO,46,0,1,0,0,0,1,40,1 5 255,40.228233,-185423.23,-1832642.6,99.856079,-10.00095,10.00095,-3.8991799,Hphob
46873532,190,0,5.0999999,680.28687,680.78607,115,680.28687,ZERO,48,0,0,0,0,0,1,5,1 5 255,6.276649,-204044.75,-1899221.1,257.05484,-11.90645,11.90645,-4.7090302,Hphob
50994972,0.126,1,2.0999999,463.07376,463.38177,114,463.07376,ZERO,31,0,0,0,0,0,1,2,1 5 255,11.180732,-161020.22,-1069474.5,-199.49054,-9.2033005,9.2033005,-1.49198,Hphob
50994975,0.12899999,1,1.5,424.11292,424.42502,126,424.11292,ZERO,29,0,0,0,0,0,1,4,1 5 255,2.2314105,-133484.05,-932128.5,-46.765491,-8.3615503,8.3615503,-1.27495,Hphob
50995160,0.36700001,1,2.2,464.14423,464.48889,117,464.14423,ZERO,32,0,0,0,0,0,1,2,1 5 255,5.7096558,-143611.14,-1071595.6,-43.32235,-8.1870804,8.1870804,-1.26314,Hphob
50997676,0.24699999,1,1.2,395.08636,395.38382,114,395.08636,ZERO,27,0,0,0,0,0,1,2,1 5 255,6.0167336,-124801.99,-833468.31,-43.068161,-8.7376604,8.7376604,-1.2779599,Hphob
50997677,0.124,1,1.8,435.11768,435.44766,114,435.11768,ZERO,30,0,0,0,0,0,1,2,1 5 255,6.4218397,-134911.28,-952097.56,-25.777901,-8.6037903,8.6037903,-1.22682,Hphob
50997678,0.105,1,2.0999999,423.11768,423.43698,114,423.11768,ZERO,29,0,0,0,0,0,1,2,1 5 255,3.9701104,-131991.19,-928474.63,-62.693901,-8.7207699,8.7207699,-1.33674,Hphob
56661794,0.11,1,1.9,437.11691,437.44531,144,437.11691,ZERO,30,0,0,0,0,0,1,6,1 5 255,6.3968167,-135889.22,-997170.81,-88.63752,-8.7010002,8.7010002,-1.1295,Hphob
56661799,0.40000001,1,1.6,409.10202,409.4104,116,409.10202,ZERO,28,0,0,0,0,0,1,4,1 5 255,3.6091874,-128426.55,-923331.25,-81.513748,-8.6618299,8.6618299,-1.08302,Hphob
56661815,0.0053,1,3.0999999,493.08432,493.40775,134,493.08432,ZERO,33,0,0,0,0,0,1,6,1 5 255,4.6382432,-172012.27,-1172641.8,-257.08685,-8.9945002,8.9945002,-1.28773,Hphob
56665241,0.061000001,1,2.4000001,423.07681,423.87393,134,423.07681,ZERO,28,0,0,0,0,0,1,6,1 5 255,2.5179567,-122356.91,-863716,-17.32061,-8.8115997,8.8115997,-1.08427,Hphob
56665242,0.40000001,1,2.2,394.09113,394.39575,112,394.09113,ZERO,27,0,0,0,0,0,1,4,1 5 255,4.1760445,-123341.23,-846225.69,-95.077728,-8.6882095,8.6882095,-1.1781,Hphob
56675552,1.4,1,2.5,390.11618,390.43185,112,390.11618,ZERO,27,0,0,0,0,0,1,4,1 5 255,2.2339046,-116065.4,-825344.88,-58.384819,-8.4694099,8.4694099,-1.0207,Hphob
56682202,0.0014,1,3.0999999,457.03784,458.31897,134,457.03784,ZERO,29,0,0,0,0,0,1,6,1 5 255,4.88411,-130657.38,-931297.69,-24.03849,-8.6904497,8.6904497,-1.20585,Hphob
56682205,0.033,1,2.8,448.06287,448.36713,112,448.06287,ZERO,30,0,0,0,0,0,1,4,1 5 255,3.4425399,-155969.84,-1023925.2,-245.99588,-8.6748505,8.6748505,-1.5219899,Hphob
58164447,578,0,1.7,402.12741,402.44586,121,402.12741,ZERO,28,0,0,0,0,0,1,13,1 5 255,4.2372155,-118165.85,-889811.5,53.52282,-8.7307901,8.7307901,-0.61427999,Hphob
60835687,1139,0,2.9000001,255.11717,255.29016,43.799999,255.11717,ZERO,19,0,0,0,0,0,1,1,1 5 255,2.4310668,-74199.203,-462410.34,46.835201,-8.5762901,8.5762901,-0.37685999,Hphob
67971007,0.131,1,1.6,409.10202,409.4104,114,409.10202,POSITIVE,28,0,0,0,0,0,1,2,1 5 255,6.9434881,-128396.66,-889169.94,-54.909039,-8.6478205,8.6478205,-1.32664,Hphob
68032952,2060,0,4.5999999,486.24918,486.56879,124,486.24918,POSITIVE,36,0,0,0,0,0,1,36,1 5 255,1.9175124,-139171.91,-1219167.5,99.782043,-8.5743999,8.5743999,-0.85618001,Hphob
68032961,140,0,4.5999999,595.25189,595.61542,105,595.25189,POSITIVE,43,0,0,0,0,0,1,20,1 5 255,43.533146,-188001.53,-1611316.8,43.375351,-9.8808603,9.8808603,-3.73259,Hphob
68032969,1457,0,4.5999999,688.31555,688.83948,159,688.31555,POSITIVE,49,0,1,0,0,0,1,20,1 5 255,46.385338,-197017.02,-1998485.8,126.18537,-10.04362,10.04362,-4.1213002,Hphob
68032973,151,0,4.9000001,631.29407,631.78815,147,631.29407,POSITIVE,45,0,0,0,0,0,1,20,1 5 255,48.775864,-178025.05,-1775213.3,129.66,-10.15359,10.15359,-3.8843,Hphob
68032974,185,0,5.1999998,645.30975,645.8147,147,645.30975,POSITIVE,46,0,0,0,0,0,1,20,1 5 255,25.837261,-181622.06,-1874640.9,119.40181,-10.43815,10.43815,-3.5931799,Hphob
68032976,170,0,4.9000001,631.29407,631.78815,156,631.29407,POSITIVE,45,0,0,0,0,0,1,40,1 5 255,12.977383,-178045.69,-1889602.5,108.95286,-11.18203,11.18203,-2.9230101,Hphob
68032977,151,0,4,603.26276,603.73499,156,603.26276,POSITIVE,43,0,1,0,0,0,1,20,1 5 255,38.78949,-170844.27,-1657786.6,172.40521,-10.43458,10.43458,-3.8195601,Hphob
68032984,583,0,6.1999998,673.341,673.86786,147,673.341,POSITIVE,48,0,0,0,0,0,1,40,1 5 255,29.530504,-188806.89,-2037633.9,108.18754,-10.39802,10.39802,-3.51055,Hphob
68032989,1617,0,4.9000001,693.27673,693.87915,173,693.27673,POSITIVE,48,0,0,0,0,0,1,5,1 5 255,18.216793,-193477.05,-2298770.3,101.23769,-10.67765,10.67765,-3.29056,Hphob
68035146,2000,0,2.3,227.97859,229.07056,37.299999,,POSITIVE,12,0,0,0,0,0,1,16,1 5 255,2.6618199,-52353.938,-248099.69,-57.685669,-9.2784796,9.2784796,-0.29787001,Hphob
68035580,676,0,3,519.2619,519.57721,154,519.2619,POSITIVE,38,0,0,0,0,0,1,72,1 5 255,38.559349,-154488.36,-1322794,275.02466,-9.85044,9.85044,-3.8761401,Hphob
68035581,2203,0,4.3000002,561.30884,561.65692,154,561.30884,POSITIVE,41,0,0,0,0,0,1,72,1 5 255,27.530636,-165270.98,,252.74937,-10.08504,10.08504,-3.64729,Hphob
68035610,118,0,5.0999999,526.31683,526.67572,99.199997,526.31683,POSITIVE,39,0,0,0,0,0,1,20,1 5 255,41.610325,-146327.16,-1348202.1,,-10.29186,10.29186,-3.89821,Hphob
68035675,1827,0,5.6999998,554.23657,554.56677,122,554.23657,POSITIVE,40,0,0,0,0,0,1,9,1 5 255,5.5321283,-175363.11,-1513838.1,-26.931789,,8.5229797,-1.06659,Hphob
68035677,1989,0,4.5,557.24744,557.57074,125,557.24744,POSITIVE,40,0,0,0,0,0,1,9,1 5 255,35.138428,-177656.8,-1524509,133.81033,-10.87105,,-3.8665099,Hphob
68035678,835,0,5,583.26312,583.60797,125,583.26312,POSITIVE,42,0,0,0,0,0,1,9,1 5 255,24.612535,-184200.91,-1673934.8,132.51854,-11.13023,11.13023,-3.6354499,Hphob
68035681,2242,0,5.3000002,540.22089,540.54016,122,540.22089,POSITIVE,39,0,0,0,0,0,1,9,1 5 255,4.4178476,-171772.94,-1575012.8,-23.502211,-9.0921698,9.0921698,-1.36774,Hphob
68035685,4171,0,4.3000002,543.23181,543.54413,134,543.23181,POSITIVE,39,0,0,0,0,0,1,27,1 5 255,35.372818,-174069.53,-1452609.6,133.33772,-11.06085,11.06085,-3.70419,Hphob
68035884,2880,0,3.5999999,468.23862,468.55353,99.199997,468.23862,POSITIVE,35,0,0,0,0,0,1,20,1 5 255,36.394684,-131326.02,,281.78549,-9.8498001,9.8498001,-3.80404,Hphob
68035892,1535,0,3.3,454.22296,454.52695,99.199997,454.22296,POSITIVE,34,0,0,0,0,0,1,20,1 5 255,35.35495,-127731.59,,289.42419,-9.9258699,9.9258699,,Hphob
68035921,971,0,4.3000002,538.24164,538.56738,99.199997,538.24164,POSITIVE,39,0,0,0,0,0,1,20,1 5 255,41.343327,-168186.61,-1419075.6,115.61276,-10.99103,10.99103,-3.6982701,Hphob
68035930,162,0,4,443.18698,443.4762,95.900002,443.18698,POSITIVE,33,1,0,0,0,0,1,20,1 5 255,5.2741685,-129775.27,-1030124.7,74.358047,-8.6474199,,-1.04497,Hphob
68035941,171,0,4.4000001,550.24164,550.57806,99.199997,550.24164,POSITIVE,40,0,0,0,0,0,1,20,1 5 255,47.794025,-171136.77,-1407340.9,122.28709,-10.53619,10.53619,-3.78634,Hphob
68035953,561,0,5.0999999,526.31683,526.67572,99.199997,526.31683,POSITIVE,39,0,0,0,0,0,1,20,1 5 255,35.193096,-146330.33,-1348689.3,281.88977,-10.30005,10.30005,-3.5665801,Hphob
68035958,1124,0,4.3000002,538.24164,538.56738,99.199997,538.24164,POSITIVE,39,0,0,0,0,0,1,20,1 5 255,37.389034,-168182.25,-1398791,122.41685,-11.12095,11.12095,-3.8234999,Hphob
68035996,2000,0,3.3,403.21207,403.48019,95.900002,403.21207,POSITIVE,30,0,0,0,0,0,1,20,1 5 255,5.706192,-113631.36,-919782.88,108.26754,-8.5605202,8.5605202,-0.93409997,Hphob
68035998,15000,0,2.5999999,433.22263,433.5062,105,,POSITIVE,32,0,1,0,0,0,1,20,1 5 255,6.7937846,-124639.15,-1022990.2,36.268509,-8.4943304,8.4943304,-0.88199002,Hphob
68036000,15000,0,4.1999998,431.24335,431.53336,95.900002,431.24335,POSITIVE,32,0,0,0,0,0,1,20,1 5 255,4.7368488,-120850.66,-1036393.6,62.610371,-8.4559402,8.4559402,-0.88068998,Hphob
68036002,2000,0,2.9000001,389.19641,389.45361,95.900002,389.19641,POSITIVE,29,0,0,0,0,0,1,20,1 5 255,5.7835584,-110038.3,-868988.44,114.52555,-8.4985905,8.4985905,-0.91053998,Hphob
68036006,2600,0,3.5999999,501.13071,501.48752,150,501.13071,POSITIVE,35,0,0,0,0,0,1,47,1 5 255,12.320418,-156038.58,-1166731.6,11.24735,-8.7387199,8.7387199,-1.29562,Hphob
68036010,836,0,5.5,495.27466,495.61862,95.900002,495.27466,POSITIVE,37,0,0,0,0,0,1,20,1 5 255,6.5964823,-136858.52,-1211963,99.194588,-8.4255505,8.4255505,-0.78307998,Hphob
68036011,120,0,4.8000002,523.19434,523.50964,105,523.19434,POSITIVE,38,0,0,0,0,0,1,20,1 5 255,10.256596,-166096.11,-1353178.8,-63.923351,-8.5236197,8.5236197,-0.99155003,Hphob
68036029,1400,0,3.3,544.17291,544.55536,153,544.17291,POSITIVE,38,0,0,0,0,0,1,47,1 5 255,49.147701,-168457.17,-1349442.1,176.69295,-10.92759,10.92759,-3.95925,Hphob
68036036,10000,0,3.2,532.17291,532.54462,153,532.17291,POSITIVE,37,0,0,0,0,0,1,47,1 5 255,16.914423,-165505.08,-1389994.9,191.19846,-11.64224,11.64224,-3.8608301,Hphob
68036047,198,0,2.9000001,530.15729,530.52875,153,530.15729,POSITIVE,37,0,0,0,0,0,1,47,1 5 255,7.9121022,-164878.77,-1425541.1,168.44937,-11.49294,11.49294,-4.1368098,Hphob
68036056,115,0,4.6999998,511.26956,511.61801,105,511.26956,POSITIVE,38,0,0,0,0,0,1,20,1 5 255,5.0035496,-144245.56,-1262359.9,61.15181,-8.6045198,8.6045198,-0.93032002,Hphob
68036063,114,0,3.9000001,523.19434,523.50964,105,523.19434,POSITIVE,38,0,0,0,0,0,1,20,1 5 255,5.1535158,-166100.34,-1338007.6,-52.995468,-8.7277403,8.7277403,-1.09797,Hphob
68036069,200,0,2.8,517.12561,517.48694,159,517.12561,POSITIVE,36,0,0,0,0,0,1,47,1 5 255,10.429531,-163423.08,-1229210,-24.233219,-8.9293699,8.9293699,-1.34787,Hphob
68036082,1400,0,3.3,447.23828,447.53275,105,447.23828,POSITIVE,33,0,0,0,0,0,1,20,1 5 255,3.7745392,-128234.91,-1097795.3,36.437271,-8.6591101,8.6591101,-1.01139,Hphob
68036096,140,0,5.1999998,538.31683,538.6864,99.199997,538.31683,POSITIVE,40,0,0,0,0,0,1,20,1 5 255,41.867664,-149284.83,-1392541.8,256.93649,-10.45076,10.45076,-3.76847,Hphob
68036106,2121,0,2.5,516.1416,516.5022,162,516.1416,POSITIVE,36,0,0,0,0,0,1,47,1 5 255,43.916599,-161281.02,-1217477,179.26886,-11.12002,11.12002,-4.14148,Hphob
68036112,7000,0,2.5999999,421.22263,421.49548,116,421.22263,POSITIVE,31,0,0,0,0,0,1,42,1 5 255,3.056829,-121693.76,-1012166.6,25.585711,-8.7301598,8.7301598,-1.01659,Hphob
68036145,2000,0,5.1999998,539.17157,540.44757,114,539.17157,POSITIVE,37,0,0,0,0,0,1,12,1 5 255,6.4017806,-149874.16,,154.30659,-8.6927404,8.6927404,-1.18485,Hphob
68036151,1400,0,1.6,439.17682,439.44287,123,439.17682,POSITIVE,32,0,2,0,0,0,1,18,1 5 255,3.6984811,-135714.34,,-21.614719,-8.7811699,8.7811699,-1.1182899,Hphob
68036359,582,0,3.7,575.2005,575.54449,123,575.2005,POSITIVE,42,0,0,0,0,0,1,20,1 5 255,8.7840452,-181503.09,,-1.70198,-8.79146,8.79146,-1.14995,Hphob
68036416,193,0,4.0999999,610.26276,610.63,109,610.26276,POSITIVE,44,0,0,0,0,0,1,5,1 5 255,44.174068,-193063.5,,67.125069,-10.04322,10.04322,-3.95011,Hphob
68039299,10000,0,2.7,470.22125,470.591,125,470.22125,POSITIVE,33,0,0,0,0,0,1,3,1 5 255,35.668816,-132031.33,-1145120.6,215.25211,-10.71104,10.71104,-3.984,Hphob
68039304,10000,0,2.7,470.22125,470.591,125,470.22125,POSITIVE,33,0,1,0,0,0,1,3,1 5 255,31.89287,-132031.78,,214.78841,-10.65101,10.65101,-3.9356999,Hphob
68039308,2000,0,2.0999999,468.2056,468.57513,125,468.2056,POSITIVE,33,0,0,0,0,0,1,3,1 5 255,29.436296,-131363.95,-1138414.6,252.80772,-11.04686,11.04686,-4.0517201,Hphob
68039319,10000,0,1.4,428.17429,428.51126,125,428.17429,POSITIVE,30,0,0,0,0,0,1,3,1 5 255,9.8009014,-121270.92,-1081599.1,215.28484,-11.40945,11.40945,-3.7121,Hphob
68039398,10000,0,3.8,558.17731,558.57861,125,558.17731,POSITIVE,39,0,0,0,0,0,1,3,1 5 255,36.553406,-172857.89,,107.4493,-10.99959,10.99959,-3.9849899,Hphob
68039401,10000,0,2.5,496.16168,496.50922,125,496.16168,POSITIVE,34,0,0,0,0,0,1,3,1 5 255,32.722111,-157470.83,-1220066.9,79.830109,-10.87027,10.87027,-3.97016,Hphob
68039406,2000,0,2.3,456.2056,456.56442,125,456.2056,POSITIVE,32,0,0,0,0,0,1,3,1 5 255,9.8641329,-128458.61,-1199060.4,201.17711,-11.23436,11.23436,-3.9419899,Hphob
68039413,2000,0,2.9000001,510.17734,510.5358,125,510.17734,POSITIVE,35,0,0,0,0,0,1,3,1 5 255,37.73122,-161071.27,-1278023,66.185127,-10.93975,10.93975,-4.0444198,Hphob
68039414,10000,0,3.2,496.23691,496.62827,125,496.23691,POSITIVE,35,0,0,0,0,0,1,3,1 5 255,21.622873,-138585.22,-1272193.1,205.1257,-11.00308,11.00308,-3.8583701,Hphob
68039434,595,0,1.9,454.18994,454.54855,125,454.18994,POSITIVE,32,0,0,0,0,0,1,3,1 5 255,23.302397,-127775.94,-1094156.8,254.03432,-10.96426,10.96426,-3.9094901,Hphob
68039437,10000,0,3.0999999,484.23691,484.61758,125,484.23691,POSITIVE,34,0,0,0,0,0,1,3,1 5 255,22.407827,-135629.61,-1201693.4,203.81451,-11.02984,11.02984,-3.86465,Hphob
68039579,2000,0,1.8,498.21616,498.6011,134,498.21616,POSITIVE,35,0,1,0,0,0,1,3,1 5 255,24.700932,-142374.56,-1246648.6,177.98524,-10.87854,10.87854,-3.8317599,Hphob
68186612,204,0,4.4000001,575.20813,576.11066,159,575.20813,POSITIVE,39,1,0,0,0,0,1,72,1 5 255,5.9591627,-163569.3,-1547598.5,-20.6077,-8.5211096,8.5211096,-0.56735998,Hphob
68186665,2080,0,3.7,609.11731,610.00781,159,609.11731,POSITIVE,41,1,0,0,0,0,1,26,1 5 255,7.8250804,-190677.52,-1575509.6,-97.283951,-8.8286104,8.8286104,-1.03938,Hphob
70661449,157,0,3.7,571.25769,571.69159,169,571.25769,POSITIVE,40,1,0,0,0,0,1,72,1 5 255,4.9590445,-166237.22,-1549809.1,-49.842201,-8.65942,8.65942,-0.78894001,Hphob
70661456,189,0,4,573.27332,573.70746,169,573.27332,POSITIVE,40,1,0,0,0,0,1,72,1 5 255,4.0637684,-166907.5,-1678281.5,-61.362782,-8.5341597,8.5341597,-0.72750998,Hphob
70674635,626,0,3.9000001,456.14767,456.90048,91.400002,456.14767,POSITIVE,32,0,0,0,0,0,1,9,1 5 255,4.8819065,-135115.52,-995820.44,0.81744999,-8.7150402,8.7150402,-0.34702,Hphob
70674636,142,0,4.5999999,506.1445,506.90799,91.400002,506.1445,POSITIVE,35,0,0,0,0,0,1,9,1 5 255,8.8804598,-160462.22,-1289324.8,-107.45574,-8.7340403,8.7340403,-0.76029003,Hphob
70674989,7166,0,4.8000002,519.17615,519.94983,85.400002,519.17615,POSITIVE,36,0,0,0,0,0,1,9,1 5 255,35.35677,-161910.47,-1243628.8,92.57946,-10.35067,10.35067,-3.8580501,Hphob
70675217,1369,0,4.8000002,520.16016,520.93457,82.599998,520.16016,POSITIVE,36,0,0,0,0,0,1,3,1 5 255,7.99898,-164040.88,-1270384.8,-99.270828,-8.6680298,8.6680298,-0.71974999,Hphob
70675477,5280,0,5,533.19177,533.97638,76.599998,533.19177,POSITIVE,37,0,0,0,0,0,1,3,1 5 255,43.56115,-165485.81,-1303397.5,129.48303,-10.37831,10.37831,-3.89305,Hphob
70683665,0.40700001,1,2,394.09113,394.39575,112,394.09113,POSITIVE,27,0,0,0,0,0,1,4,1 5 255,6.6589522,-123339.84,-838988.94,-93.623329,-8.53473,8.53473,-1.21271,Hphob
70909637,129,0,3.7,501.26007,501.58344,125,501.26007,POSITIVE,37,0,0,0,0,0,1,6,1 5 255,34.130028,-144392.41,-1269903.4,289.80563,-10.28165,10.28165,-3.9118299,Hphob
70909643,221,0,3.5999999,514.29169,514.62524,117,514.29169,POSITIVE,38,0,0,0,0,0,1,6,1 5 255,34.480209,-145699.03,-1336012.5,316.4801,-10.29934,10.29934,-3.9160199,Hphob
71610590,164.10001,0,4.5,458.1525,458.53549,121,458.1525,POSITIVE,33,0,0,0,0,0,1,27,1 5 255,3.0397818,-125651.7,-1053644.5,113.34718,-8.5292301,8.5292301,-1.08973,Hphob
71610726,199,0,4.4000001,362.12799,362.38675,90.300003,362.12799,POSITIVE,28,0,0,0,0,0,1,27,1 5 255,3.8563249,-97928.219,-720527.63,217.74582,-8.5303602,8.5303602,-1.1020499,Hphob
71610727,900,0,4.6999998,343.13208,343.37857,67.300003,343.13208,POSITIVE,26,0,0,0,0,0,1,13,1 5 255,4.1501474,-96441.266,-711913.31,48.53603,-8.5848198,8.5848198,-0.88334,Hphob
71610848,150,0,3.5,380.13855,380.40204,110,380.13855,POSITIVE,29,0,0,0,0,0,1,54,1 5 255,4.181571,-105977.09,-799300.44,147.70135,-8.4300404,8.4300404,-0.94468999,Hphob
71610851,157.39999,0,4.3000002,383.13821,383.40268,96,383.13821,POSITIVE,29,0,0,0,0,0,1,105,1 5 255,5.1379619,-108897.81,-864328.88,110.24707,-8.54105,8.54105,-0.76227999,Hphob
71610852,735,0,4.1999998,383.13821,383.40268,96,383.13821,POSITIVE,29,0,0,0,0,0,1,26,1 5 255,2.4901958,-108914.68,-841727.69,120.91573,-8.5305204,8.5305204,-0.92166001,Hphob
71611103,623,0,3.2,422.10489,422.45703,136,422.10489,POSITIVE,30,0,0,0,0,0,1,13,1 5 255,5.6564679,-120792.76,-938975.69,-5.0357099,-8.8406696,8.8406696,-1.19608,Hphob
71611386,572,0,4,358.14297,358.39322,93.300003,358.14297,POSITIVE,27,0,0,0,0,0,1,13,1 5 255,4.7577786,-101538.48,-761215.06,46.8778,-8.53302,8.53302,-0.8326,Hphob
71611387,1030,0,4.3000002,383.13821,383.40268,96,383.13821,POSITIVE,29,0,0,0,0,0,1,29,1 5 255,3.1315367,-108899.23,-843231.44,108.83161,-8.61199,8.61199,-0.96380001,Hphob
71611388,255,0,4.5,388.11716,388.37613,113,388.11716,POSITIVE,29,0,0,0,0,0,1,13,1 5 255,4.3319225,-115603.25,-823779.81,50.2896,-8.7494698,8.7494698,-1.1364599,Hphob
71611389,494,0,3.8,403.11682,403.38748,125,403.11682,POSITIVE,30,0,0,0,0,0,1,87,1 5 255,21.472893,-121290.74,-915492.75,-111.87739,-5.2195702,5.2195702,1.14355,Hphil
71611524,212,0,4.6999998,373.14264,373.40457,87.5,373.14264,POSITIVE,28,0,0,0,0,0,1,67,1 5 255,4.5501156,-107427.8,-782916.5,-2.20701,-8.4013395,8.4013395,-0.91306001,Hphil
71611665,1807,0,4.4000001,404.13071,404.4848,92.400002,404.13071,POSITIVE,29,0,0,0,0,0,1,3,1 5 255,6.034555,-109600.02,-851269.44,59.986778,-8.7164803,8.7164803,-0.91646999,Hphil
71611667,1125,0,4.9000001,393.08801,393.82303,87.5,393.08801,POSITIVE,28,0,0,0,0,0,1,62,1 5 255,5.7486386,-112140.28,-796366.44,-4.2797999,-8.7178602,8.7178602,-0.94564998,Hphil
71611668,3136,0,5.5,411.11945,411.37656,67.300003,411.11945,POSITIVE,30,0,0,0,0,0,1,13,1 5 255,4.4989109,-132660.59,-951591.56,-106.34127,-8.7274504,8.7274504,-1.08342,Hphil
71611670,817,0,5.4000001,395.08368,395.81412,67.300003,395.08368,POSITIVE,28,0,0,0,0,0,1,13,1 5 255,2.795619,-115614.88,-836307.5,12.81255,-8.7416801,8.7416801,-1.0091799,Hphil
71611807,1154,0,4.8000002,361.12265,361.36905,67.300003,361.12265,POSITIVE,27,0,0,0,0,0,1,13,1 5 255,4.7152681,-107314.07,-738058.94,10.84149,-8.5612402,8.5612402,-0.89235002,Hphil
71611810,3986,0,4.6999998,313.12152,313.3526,58,313.12152,POSITIVE,24,0,0,0,0,0,1,8,1 5 255,2.7359352,-85470.75,-612440.5,83.255814,-8.6073198,8.6073198,-0.83664,Hphil
71611812,647,0,5.0999999,375.13831,375.39563,67.300003,375.13831,POSITIVE,28,0,0,0,0,0,1,13,1 5 255,2.4348733,-110909.2,-797196.31,-5.5073299,-8.4934397,8.4934397,-0.82498002,Hphil
71611948,1014,0,5.4000001,395.08368,395.81412,67.300003,395.08368,POSITIVE,28,0,0,0,0,0,1,13,1 5 255,0.8015722,-115616.03,-834135.5,-3.1393199,-8.7019796,8.7019796,-1.12824,Hphil
71612082,1007,0,4.8000002,380.17496,380.4451,69.699997,380.17496,POSITIVE,29,0,0,0,0,0,1,27,1 5 255,2.8785658,-102797.88,-799846.44,194.51984,-8.2525797,8.2525797,-0.83712,Hphil
71612204,194.8,0,4.6999998,385.13388,385.39374,75.699997,385.13388,POSITIVE,29,0,0,0,0,0,1,27,1 5 255,3.4261146,-112375.29,-862064.19,109.70749,-8.6704998,8.6704998,-0.89709997,Hphil
71612331,697,0,5,381.15897,381.42987,75.699997,381.15897,POSITIVE,29,0,0,0,0,0,1,27,1 5 255,2.3875992,-105103.81,-812428.13,142.03226,-8.3713102,8.3713102,-0.81094003,Npol
71612333,470,0,5,381.15897,381.42987,75.699997,381.15897,POSITIVE,29,0,0,0,0,0,1,27,1 5 255,4.9603601,-105100.32,-848849.56,145.52882,-8.5096102,8.5096102,-0.80672997,Npol
71612450,220,0,4.6999998,385.13388,385.39374,75.699997,385.13388,POSITIVE,29,0,0,0,0,0,1,27,1 5 255,4.1043205,-112376.26,-857174.5,108.68915,-8.7042999,8.7042999,-0.83809,Npol
71612451,139,0,4.6999998,385.13388,385.39374,75.699997,385.13388,POSITIVE,29,0,0,0,0,0,1,27,1 5 255,2.0908556,-112376.59,-835686.63,108.35302,-8.3866196,8.3866196,-0.94755,Npol
71612579,102.6,0,4.6999998,343.13208,343.37857,67.300003,343.13208,POSITIVE,26,0,0,0,0,0,1,17,1 5 255,3.114218,-96443.617,-718951.06,46.180859,-8.7363796,8.7363796,-0.86207002,Npol
77014407,972,0,4.9000001,608.20831,608.53815,108,608.20831,POSITIVE,43,0,0,0,0,0,1,6,1 5 255,40.100418,-208189.97,-1703234.6,-61.090229,-10.18139,10.18139,-3.6545899,Npol
77014413,587,0,4.6999998,650.21887,650.57483,126,650.21887,POSITIVE,46,0,0,0,0,0,1,18,1 5 255,35.280109,-222132.19,-1886568.1,-110.58482,-10.19653,10.19653,-3.7399099,Npol
77014416,2231,0,4.6999998,594.19263,594.5116,117,594.19263,POSITIVE,42,0,0,0,0,0,1,18,1 5 255,12.831834,-204611.41,-1749213.4,-69.433372,-10.99068,10.99068,-3.5474999,Npol
86766627,842,0,4.3000002,389.13754,389.40396,96.699997,389.13754,POSITIVE,29,0,0,0,0,0,1,67,1 5 255,4.9600377,-114809.73,-896707.38,-35.138458,-8.4643002,8.4643002,-0.92267001,Npol
86766628,659,0,4.5,387.12192,387.38809,85.699997,387.12192,POSITIVE,29,0,0,0,0,0,1,13,1 5 255,3.7862875,-114154.21,-867360.69,-9.4327297,-8.6117802,8.6117802,-0.91777998,Npol
86766631,181.39999,0,4.6999998,373.14264,373.40457,87.5,373.14264,POSITIVE,28,0,0,0,0,0,1,67,1 5 255,3.1193671,-107426.08,-836311.19,-0.48229,-8.5756302,8.5756302,-0.84369999,Npol
86766633,932,0,3.4000001,384.13348,384.39075,99.5,384.13348,POSITIVE,29,0,0,1,0,0,1,1,1 5 255,4.3453941,-110149.93,-804047.94,366.89102,-11.37989,10.77669,-8.5341501,Npol
86766634,668,0,3.4000001,384.13348,384.39075,99.5,384.13348,POSITIVE,29,0,0,1,0,0,1,123,1 5 255,10.83833,-110149.25,-818069.81,367.57098,-11.02909,12.17536,-9.18116,Npol
86766635,209,0,4.9000001,373.11389,373.35822,66.5,373.11389,POSITIVE,28,0,0,0,0,0,1,27,1 5 255,1.6430247,-112277.28,-772316.81,97.758263,-8.5411701,8.5411701,-1.10518,Npol
86766638,161,0,4.5,381.12259,381.38681,85,381.12259,POSITIVE,29,0,0,0,0,0,1,27,1 5 255,1.5238799,-108251.09,-800848.69,127.16247,-8.4324503,8.4324503,-0.95661998,Npol
86766641,211,0,4.5999999,382.14297,382.41461,83.099998,382.14297,POSITIVE,29,0,0,0,0,0,1,83,1 5 255,1.8503821,-107406.32,-813510.75,124.39365,-8.2349901,8.2349901,-0.72612,Npol
86766646,206,0,5.0999999,384.13864,384.40567,62.799999,384.13864,POSITIVE,29,0,0,0,0,0,1,21,1 5 255,2.0533097,-110883.65,-815609.5,92.535217,-8.2797203,8.2797203,-0.81705999,Npol
86766648,122.8,0,4.6999998,361.13275,361.39871,77.400002,361.13275,POSITIVE,28,0,0,0,0,0,1,21,1 5 255,5.0678959,-96433.188,-718730.56,204.01932,-8.3559599,8.3559599,-0.9285,Npol
86766650,116.8,0,4.4000001,394.14297,394.42532,79.900002,394.14297,POSITIVE,30,0,0,0,0,0,1,21,1 5 255,2.6308618,-110352.65,-845740.56,103.61947,-8.2457399,8.2457399,-0.77717,Npol
86766653,543,0,4.8000002,361.12265,361.36905,67.300003,361.12265,POSITIVE,27,0,0,0,0,0,1,13,1 5 255,3.6602783,-107314.97,-748599.13,0.72517002,-8.56071,8.56071,-0.85346001,Npol
86766654,118.6,0,4.1999998,414.11505,414.47961,96.099998,414.11505,POSITIVE,30,0,0,0,0,0,1,21,1 5 255,5.3086901,-111876.63,-854586.81,110.51897,-8.4656401,8.4656401,-1.18415,Npol
86766658,187.89999,0,4.5999999,352.13242,352.38864,73.800003,352.13242,POSITIVE,27,0,0,0,0,0,1,52,1 5 255,3.1111991,-96435.688,-707644.63,127.81752,-8.2560797,8.2560797,-0.73253,Npol
86766660,141.7,0,5.3000002,417.09924,417.84775,96,417.09924,POSITIVE,30,0,0,0,0,0,1,105,1 5 255,5.1150699,-117198.84,-874977.31,106.41886,-8.2617102,8.2617102,-0.89403999,Npol
86766662,4134,0,4,453.11584,453.48599,109,453.11584,POSITIVE,32,0,0,0,0,0,1,13,1 5 255,4.7983389,-133747.55,-1012765.5,-72.408028,-8.5967598,8.5967598,-0.95333999,Npol
86766668,759,0,4.9000001,379.11322,379.3595,67.300003,379.11322,POSITIVE,28,0,0,0,0,0,1,13,1 5 255,3.9572206,-118177.91,-850497.63,-36.326279,-8.6526899,8.6526899,-0.88925999,Npol
86766679,679,0,4.5999999,367.14331,367.40329,75.699997,367.14331,POSITIVE,28,0,0,0,0,0,1,27,1 5 255,2.0298402,-101511.68,-754496.06,147.45908,-8.3717499,8.3717499,-0.84382999,Npol
86766683,197,0,4.5999999,344.11609,344.36334,64.5,344.11609,POSITIVE,26,0,0,0,0,0,1,3,1 5 255,2.5205019,-98733.844,-688756.69,9.40588,-8.7083797,8.7083797,-0.82498002,Npol
86766693,216,0,5.5,383.06369,383.77859,58,383.06369,POSITIVE,27,0,0,0,0,0,1,17,1 5 255,0.97962546,-115515.5,-753752.69,-12.51434,-8.8505898,8.8505898,-1.06398,Npol
